created_at,id,name,entry_id,temperature
2025-03-06 07:24:38 UTC,1598577,Proteus P2,6409,23.12500
2025-03-06 07:24:51 UTC,1598577,Proteus P2,6418,22.87500
2025-03-06 07:25:05 UTC,1598577,Proteus P2,6428,22.62500
2025-03-06 07:25:18 UTC,1598577,Proteus P2,6437,22.37500
2025-03-06 07:25:31 UTC,1598577,Proteus P2,6446,22.18750
2025-03-06 07:25:44 UTC,1598577,Proteus P2,6455,26.56250
2025-03-06 07:25:59 UTC,1598577,Proteus P2,6465,29.62500
2025-03-06 07:26:12 UTC,1598577,Proteus P2,6474,30.62500
2025-03-06 07:26:25 UTC,1598577,Proteus P2,6483,31.18750
2025-03-06 07:26:41 UTC,1598577,Proteus P2,6494,30.50000
2025-03-06 07:26:56 UTC,1598577,Proteus P2,6504,29.31250
2025-03-06 07:27:10 UTC,1598577,Proteus P2,6514,30.50000
2025-03-06 07:27:24 UTC,1598577,Proteus P2,6524,30.25000
2025-03-06 07:27:38 UTC,1598577,Proteus P2,6534,29.50000
2025-03-06 07:27:53 UTC,1598577,Proteus P2,6544,28.87500
2025-03-06 07:28:07 UTC,1598577,Proteus P2,6554,28.75000
2025-03-06 07:28:21 UTC,1598577,Proteus P2,6564,30.25000
2025-03-06 07:28:36 UTC,1598577,Proteus P2,6574,31.37500
2025-03-06 07:28:49 UTC,1598577,Proteus P2,6583,31.87500
2025-03-06 07:29:04 UTC,1598577,Proteus P2,6593,32.06250
2025-03-06 07:29:18 UTC,1598577,Proteus P2,6603,32.18750
2025-03-06 07:29:33 UTC,1598577,Proteus P2,6613,32.18750
2025-03-06 07:29:46 UTC,1598577,Proteus P2,6622,32.18750
2025-03-06 07:30:01 UTC,1598577,Proteus P2,6632,32.12500
2025-03-06 07:30:15 UTC,1598577,Proteus P2,6642,32.12500
2025-03-06 07:30:30 UTC,1598577,Proteus P2,6652,32.00000
2025-03-06 07:30:45 UTC,1598577,Proteus P2,6662,31.93750
2025-03-06 07:30:59 UTC,1598577,Proteus P2,6672,31.93750
2025-03-06 07:31:12 UTC,1598577,Proteus P2,6681,31.87500
2025-03-06 07:31:27 UTC,1598577,Proteus P2,6691,31.87500
2025-03-06 07:31:41 UTC,1598577,Proteus P2,6700,31.87500
2025-03-06 07:31:55 UTC,1598577,Proteus P2,6710,31.87500
2025-03-06 07:32:10 UTC,1598577,Proteus P2,6720,31.81250
2025-03-06 07:32:24 UTC,1598577,Proteus P2,6728,31.75000
2025-03-06 07:32:39 UTC,1598577,Proteus P2,6738,31.68750
2025-03-06 07:32:54 UTC,1598577,Proteus P2,6748,31.68750
2025-03-06 07:33:08 UTC,1598577,Proteus P2,6758,31.62500
2025-03-06 07:33:21 UTC,1598577,Proteus P2,6767,31.56250
2025-03-06 07:33:36 UTC,1598577,Proteus P2,6777,31.50000
2025-03-06 07:33:50 UTC,1598577,Proteus P2,6787,31.43750
2025-03-06 07:34:05 UTC,1598577,Proteus P2,6797,31.43750
2025-03-06 07:34:19 UTC,1598577,Proteus P2,6807,31.37500
2025-03-06 07:34:34 UTC,1598577,Proteus P2,6817,31.31250
2025-03-06 07:34:48 UTC,1598577,Proteus P2,6826,31.31250
2025-03-06 07:35:02 UTC,1598577,Proteus P2,6836,31.25000
2025-03-06 07:35:17 UTC,1598577,Proteus P2,6846,31.25000
2025-03-06 07:35:31 UTC,1598577,Proteus P2,6856,31.18750
2025-03-06 07:35:46 UTC,1598577,Proteus P2,6866,31.25000
2025-03-06 07:36:00 UTC,1598577,Proteus P2,6876,31.12500
2025-03-06 07:36:14 UTC,1598577,Proteus P2,6886,31.12500
2025-03-06 07:36:29 UTC,1598577,Proteus P2,6896,31.12500
2025-03-06 07:36:43 UTC,1598577,Proteus P2,6906,31.12500
2025-03-06 07:36:58 UTC,1598577,Proteus P2,6916,31.06250
2025-03-06 07:37:12 UTC,1598577,Proteus P2,6926,31.06250
2025-03-06 07:37:25 UTC,1598577,Proteus P2,6935,31.06250
2025-03-06 07:37:40 UTC,1598577,Proteus P2,6945,31.06250
2025-03-06 07:37:54 UTC,1598577,Proteus P2,6955,31.06250
2025-03-06 07:38:09 UTC,1598577,Proteus P2,6965,31.06250
2025-03-06 07:38:23 UTC,1598577,Proteus P2,6975,31.00000
2025-03-06 07:38:37 UTC,1598577,Proteus P2,6984,31.06250
2025-03-06 07:38:51 UTC,1598577,Proteus P2,6994,31.06250
2025-03-06 07:39:05 UTC,1598577,Proteus P2,7004,31.12500
2025-03-06 07:39:20 UTC,1598577,Proteus P2,7014,31.12500
2025-03-06 07:39:34 UTC,1598577,Proteus P2,7024,31.12500
2025-03-06 07:39:49 UTC,1598577,Proteus P2,7034,31.12500
2025-03-06 07:40:03 UTC,1598577,Proteus P2,7044,31.12500
2025-03-06 07:40:17 UTC,1598577,Proteus P2,7054,31.12500
2025-03-06 07:40:32 UTC,1598577,Proteus P2,7064,31.12500
2025-03-06 07:40:46 UTC,1598577,Proteus P2,7074,31.06250
2025-03-06 07:40:56 UTC,1598577,Proteus P2,7081,31.06250
2025-03-06 07:41:15 UTC,1598577,Proteus P2,7091,31.06250
2025-03-06 07:41:29 UTC,1598577,Proteus P2,7101,31.06250
2025-03-06 07:41:44 UTC,1598577,Proteus P2,7111,31.25000
2025-03-06 07:41:58 UTC,1598577,Proteus P2,7121,31.25000
2025-03-06 07:42:13 UTC,1598577,Proteus P2,7131,31.25000
2025-03-06 07:42:27 UTC,1598577,Proteus P2,7141,31.25000
2025-03-06 07:42:41 UTC,1598577,Proteus P2,7151,31.25000
2025-03-06 07:42:56 UTC,1598577,Proteus P2,7161,31.25000
2025-03-06 07:43:10 UTC,1598577,Proteus P2,7171,31.25000
2025-03-06 07:43:24 UTC,1598577,Proteus P2,7181,31.18750
2025-03-06 07:43:39 UTC,1598577,Proteus P2,7191,31.18750
2025-03-06 07:43:53 UTC,1598577,Proteus P2,7201,31.18750
2025-03-06 07:44:08 UTC,1598577,Proteus P2,7211,31.12500
2025-03-06 07:44:21 UTC,1598577,Proteus P2,7220,31.06250
2025-03-06 07:44:37 UTC,1598577,Proteus P2,7230,31.00000
2025-03-06 07:44:52 UTC,1598577,Proteus P2,7240,30.93750
2025-03-06 07:45:06 UTC,1598577,Proteus P2,7250,30.87500
2025-03-06 07:45:20 UTC,1598577,Proteus P2,7260,30.87500
2025-03-06 07:45:35 UTC,1598577,Proteus P2,7270,30.81250
2025-03-06 07:45:49 UTC,1598577,Proteus P2,7280,30.75000
2025-03-06 07:46:04 UTC,1598577,Proteus P2,7290,30.68750
2025-03-06 07:46:18 UTC,1598577,Proteus P2,7300,30.68750
2025-03-06 07:46:32 UTC,1598577,Proteus P2,7310,30.68750
2025-03-06 07:46:47 UTC,1598577,Proteus P2,7320,30.68750
2025-03-06 07:47:01 UTC,1598577,Proteus P2,7330,30.68750
2025-03-06 07:47:15 UTC,1598577,Proteus P2,7340,30.62500
2025-03-06 07:47:30 UTC,1598577,Proteus P2,7350,30.62500
2025-03-06 07:47:44 UTC,1598577,Proteus P2,7360,30.56250
2025-03-06 07:47:59 UTC,1598577,Proteus P2,7370,30.56250
2025-03-06 07:48:13 UTC,1598577,Proteus P2,7380,30.56250
2025-03-06 07:48:27 UTC,1598577,Proteus P2,7390,30.50000
2025-03-06 07:48:42 UTC,1598577,Proteus P2,7400,30.50000
2025-03-06 07:48:56 UTC,1598577,Proteus P2,7410,30.50000
2025-03-06 07:49:10 UTC,1598577,Proteus P2,7420,30.43750
2025-03-06 07:49:25 UTC,1598577,Proteus P2,7430,30.43750
2025-03-06 07:49:39 UTC,1598577,Proteus P2,7440,30.37500
2025-03-06 07:49:53 UTC,1598577,Proteus P2,7450,30.43750
2025-03-06 07:50:08 UTC,1598577,Proteus P2,7460,30.37500
2025-03-06 07:50:22 UTC,1598577,Proteus P2,7470,30.37500
2025-03-06 07:50:37 UTC,1598577,Proteus P2,7480,30.37500
2025-03-06 07:50:51 UTC,1598577,Proteus P2,7490,30.37500
2025-03-06 07:51:05 UTC,1598577,Proteus P2,7500,30.31250
2025-03-06 07:51:20 UTC,1598577,Proteus P2,7510,30.37500
2025-03-06 07:51:34 UTC,1598577,Proteus P2,7520,30.37500
2025-03-06 07:51:48 UTC,1598577,Proteus P2,7530,30.31250
2025-03-06 07:52:03 UTC,1598577,Proteus P2,7540,30.31250
2025-03-06 07:52:17 UTC,1598577,Proteus P2,7550,30.31250
2025-03-06 07:52:32 UTC,1598577,Proteus P2,7560,30.25000
2025-03-06 07:52:46 UTC,1598577,Proteus P2,7570,30.25000
2025-03-06 07:53:00 UTC,1598577,Proteus P2,7580,30.25000
2025-03-06 07:53:15 UTC,1598577,Proteus P2,7590,30.25000
2025-03-06 07:53:29 UTC,1598577,Proteus P2,7600,30.18750
2025-03-06 07:53:43 UTC,1598577,Proteus P2,7610,30.25000
2025-03-06 07:53:57 UTC,1598577,Proteus P2,7620,30.18750
2025-03-06 07:54:12 UTC,1598577,Proteus P2,7630,30.18750
2025-03-06 07:54:26 UTC,1598577,Proteus P2,7640,30.25000
2025-03-06 07:54:41 UTC,1598577,Proteus P2,7650,30.25000
2025-03-06 07:54:55 UTC,1598577,Proteus P2,7660,30.25000
2025-03-06 07:55:08 UTC,1598577,Proteus P2,7669,30.25000
2025-03-06 07:55:23 UTC,1598577,Proteus P2,7679,30.25000
2025-03-06 07:55:37 UTC,1598577,Proteus P2,7689,30.25000
2025-03-06 07:55:51 UTC,1598577,Proteus P2,7699,30.31250
2025-03-06 07:56:06 UTC,1598577,Proteus P2,7709,30.31250
2025-03-06 07:56:20 UTC,1598577,Proteus P2,7719,30.25000
2025-03-06 07:56:34 UTC,1598577,Proteus P2,7729,30.25000
2025-03-06 07:56:49 UTC,1598577,Proteus P2,7739,30.18750
2025-03-06 07:57:03 UTC,1598577,Proteus P2,7749,30.18750
2025-03-06 07:57:18 UTC,1598577,Proteus P2,7759,30.18750
2025-03-06 07:57:32 UTC,1598577,Proteus P2,7769,30.12500
2025-03-06 07:57:47 UTC,1598577,Proteus P2,7779,30.12500
2025-03-06 07:58:01 UTC,1598577,Proteus P2,7789,30.12500
2025-03-06 07:58:15 UTC,1598577,Proteus P2,7799,30.12500
2025-03-06 07:58:30 UTC,1598577,Proteus P2,7809,30.12500
2025-03-06 07:58:44 UTC,1598577,Proteus P2,7819,30.12500
2025-03-06 07:58:58 UTC,1598577,Proteus P2,7829,30.12500
2025-03-06 07:59:13 UTC,1598577,Proteus P2,7839,30.12500
2025-03-06 07:59:27 UTC,1598577,Proteus P2,7849,30.12500
2025-03-06 07:59:41 UTC,1598577,Proteus P2,7859,30.06250
2025-03-06 07:59:56 UTC,1598577,Proteus P2,7869,30.06250
2025-03-06 08:00:10 UTC,1598577,Proteus P2,7879,30.06250
2025-03-06 08:00:25 UTC,1598577,Proteus P2,7889,30.06250
2025-03-06 08:00:39 UTC,1598577,Proteus P2,7899,30.12500
2025-03-06 08:00:53 UTC,1598577,Proteus P2,7909,30.06250
2025-03-06 08:01:08 UTC,1598577,Proteus P2,7919,30.00000
2025-03-06 08:01:22 UTC,1598577,Proteus P2,7929,30.00000
2025-03-06 08:01:35 UTC,1598577,Proteus P2,7938,29.93750
2025-03-06 08:01:49 UTC,1598577,Proteus P2,7948,30.00000
2025-03-06 08:02:04 UTC,1598577,Proteus P2,7958,30.00000
2025-03-06 08:02:19 UTC,1598577,Proteus P2,7969,30.00000
2025-03-06 08:02:33 UTC,1598577,Proteus P2,7978,30.00000
2025-03-06 08:02:47 UTC,1598577,Proteus P2,7988,30.00000
2025-03-06 08:03:01 UTC,1598577,Proteus P2,7998,30.06250
2025-03-06 08:03:16 UTC,1598577,Proteus P2,8008,30.06250
2025-03-06 08:03:30 UTC,1598577,Proteus P2,8018,30.12500
2025-03-06 08:03:45 UTC,1598577,Proteus P2,8028,30.25000
2025-03-06 08:03:59 UTC,1598577,Proteus P2,8038,30.18750
2025-03-06 08:04:14 UTC,1598577,Proteus P2,8048,30.25000
2025-03-06 08:04:28 UTC,1598577,Proteus P2,8058,30.31250
2025-03-06 08:04:43 UTC,1598577,Proteus P2,8068,30.31250
2025-03-06 08:04:57 UTC,1598577,Proteus P2,8078,30.31250
2025-03-06 08:05:11 UTC,1598577,Proteus P2,8088,30.31250
2025-03-06 08:05:26 UTC,1598577,Proteus P2,8098,30.37500
2025-03-06 08:05:39 UTC,1598577,Proteus P2,8107,30.37500
2025-03-06 08:05:53 UTC,1598577,Proteus P2,8117,30.37500
2025-03-06 08:06:08 UTC,1598577,Proteus P2,8127,30.37500
2025-03-06 08:06:22 UTC,1598577,Proteus P2,8137,30.43750
2025-03-06 08:06:36 UTC,1598577,Proteus P2,8146,30.43750
2025-03-06 08:06:51 UTC,1598577,Proteus P2,8156,30.43750
2025-03-06 08:07:05 UTC,1598577,Proteus P2,8166,30.43750
2025-03-06 08:07:19 UTC,1598577,Proteus P2,8176,30.50000
2025-03-06 08:07:35 UTC,1598577,Proteus P2,8187,30.50000
2025-03-06 08:07:48 UTC,1598577,Proteus P2,8196,30.50000
2025-03-06 08:08:02 UTC,1598577,Proteus P2,8206,30.56250
2025-03-06 08:08:17 UTC,1598577,Proteus P2,8216,30.56250
2025-03-06 08:08:31 UTC,1598577,Proteus P2,8226,30.56250
2025-03-06 08:08:46 UTC,1598577,Proteus P2,8236,30.56250
2025-03-06 08:09:00 UTC,1598577,Proteus P2,8246,30.50000
2025-03-06 08:09:14 UTC,1598577,Proteus P2,8256,30.50000
2025-03-06 08:09:29 UTC,1598577,Proteus P2,8266,30.50000
2025-03-06 08:09:43 UTC,1598577,Proteus P2,8276,30.50000
2025-03-06 08:09:57 UTC,1598577,Proteus P2,8286,30.50000
2025-03-06 08:10:12 UTC,1598577,Proteus P2,8296,30.50000
2025-03-06 08:10:26 UTC,1598577,Proteus P2,8306,30.50000
2025-03-06 08:10:41 UTC,1598577,Proteus P2,8316,30.50000
2025-03-06 08:10:55 UTC,1598577,Proteus P2,8326,30.50000
2025-03-06 08:11:10 UTC,1598577,Proteus P2,8336,30.50000
2025-03-06 08:11:24 UTC,1598577,Proteus P2,8346,30.50000
2025-03-06 08:11:39 UTC,1598577,Proteus P2,8356,30.50000
2025-03-06 08:11:51 UTC,1598577,Proteus P2,8365,30.56250
2025-03-06 08:12:08 UTC,1598577,Proteus P2,8375,30.56250
2025-03-06 08:12:23 UTC,1598577,Proteus P2,8385,30.56250
2025-03-06 08:12:37 UTC,1598577,Proteus P2,8395,30.50000
2025-03-06 08:12:52 UTC,1598577,Proteus P2,8405,30.56250
2025-03-06 08:13:06 UTC,1598577,Proteus P2,8415,30.56250
2025-03-06 08:13:21 UTC,1598577,Proteus P2,8425,30.56250
2025-03-06 08:13:35 UTC,1598577,Proteus P2,8435,30.56250
2025-03-06 08:13:49 UTC,1598577,Proteus P2,8445,30.56250
2025-03-06 08:14:04 UTC,1598577,Proteus P2,8455,30.50000
2025-03-06 08:14:18 UTC,1598577,Proteus P2,8465,30.56250
2025-03-06 08:14:33 UTC,1598577,Proteus P2,8475,30.62500
2025-03-06 08:14:47 UTC,1598577,Proteus P2,8485,30.62500
2025-03-06 08:15:00 UTC,1598577,Proteus P2,8494,30.56250
2025-03-06 08:15:13 UTC,1598577,Proteus P2,8503,30.56250
2025-03-06 08:15:30 UTC,1598577,Proteus P2,8513,30.56250
2025-03-06 08:15:44 UTC,1598577,Proteus P2,8523,30.56250
2025-03-06 08:15:58 UTC,1598577,Proteus P2,8533,30.56250
2025-03-06 08:16:12 UTC,1598577,Proteus P2,8542,30.50000
2025-03-06 08:16:26 UTC,1598577,Proteus P2,8552,30.56250
2025-03-06 08:16:41 UTC,1598577,Proteus P2,8562,30.56250
2025-03-06 08:16:55 UTC,1598577,Proteus P2,8572,30.50000
2025-03-06 08:17:10 UTC,1598577,Proteus P2,8582,30.50000
2025-03-06 08:17:24 UTC,1598577,Proteus P2,8592,30.50000
2025-03-06 08:17:38 UTC,1598577,Proteus P2,8602,30.50000
2025-03-06 08:17:53 UTC,1598577,Proteus P2,8612,30.50000
2025-03-06 08:18:07 UTC,1598577,Proteus P2,8622,30.50000
2025-03-06 08:18:22 UTC,1598577,Proteus P2,8632,30.50000
2025-03-06 08:18:36 UTC,1598577,Proteus P2,8642,30.56250
2025-03-06 08:18:50 UTC,1598577,Proteus P2,8652,30.56250
2025-03-06 08:19:05 UTC,1598577,Proteus P2,8662,30.50000
2025-03-06 08:19:19 UTC,1598577,Proteus P2,8672,30.50000
2025-03-06 08:19:34 UTC,1598577,Proteus P2,8682,30.50000
2025-03-06 08:19:47 UTC,1598577,Proteus P2,8691,30.50000
2025-03-06 08:20:01 UTC,1598577,Proteus P2,8701,30.50000
2025-03-06 08:20:16 UTC,1598577,Proteus P2,8711,30.43750
2025-03-06 08:20:30 UTC,1598577,Proteus P2,8721,30.50000
2025-03-06 08:20:44 UTC,1598577,Proteus P2,8731,30.50000
2025-03-06 08:20:59 UTC,1598577,Proteus P2,8741,30.50000
2025-03-06 08:21:13 UTC,1598577,Proteus P2,8751,30.50000
2025-03-06 08:21:28 UTC,1598577,Proteus P2,8761,30.50000
2025-03-06 08:21:42 UTC,1598577,Proteus P2,8771,30.50000
2025-03-06 08:21:57 UTC,1598577,Proteus P2,8781,30.50000
2025-03-06 08:22:11 UTC,1598577,Proteus P2,8791,30.50000
2025-03-06 08:22:25 UTC,1598577,Proteus P2,8800,30.50000
2025-03-06 08:22:40 UTC,1598577,Proteus P2,8809,30.43750
2025-03-06 08:22:54 UTC,1598577,Proteus P2,8819,30.43750
2025-03-06 08:23:08 UTC,1598577,Proteus P2,8829,30.43750
2025-03-06 08:23:23 UTC,1598577,Proteus P2,8839,30.50000
2025-03-06 08:23:37 UTC,1598577,Proteus P2,8849,30.43750
2025-03-06 08:23:51 UTC,1598577,Proteus P2,8859,30.50000
2025-03-06 08:24:06 UTC,1598577,Proteus P2,8869,30.43750
2025-03-06 08:24:20 UTC,1598577,Proteus P2,8879,30.43750
2025-03-06 08:24:35 UTC,1598577,Proteus P2,8889,30.43750
2025-03-06 08:24:49 UTC,1598577,Proteus P2,8899,30.43750
2025-03-06 08:25:03 UTC,1598577,Proteus P2,8909,30.43750
2025-03-06 08:25:18 UTC,1598577,Proteus P2,8919,30.43750
2025-03-06 08:25:31 UTC,1598577,Proteus P2,8928,30.50000
2025-03-06 08:25:45 UTC,1598577,Proteus P2,8938,30.50000
2025-03-06 08:26:00 UTC,1598577,Proteus P2,8948,30.43750
2025-03-06 08:26:14 UTC,1598577,Proteus P2,8958,30.43750
2025-03-06 08:26:28 UTC,1598577,Proteus P2,8968,30.37500
2025-03-06 08:26:43 UTC,1598577,Proteus P2,8978,30.43750
2025-03-06 08:26:57 UTC,1598577,Proteus P2,8988,30.37500
2025-03-06 08:27:12 UTC,1598577,Proteus P2,8998,30.43750
2025-03-06 08:27:26 UTC,1598577,Proteus P2,9008,30.43750
2025-03-06 08:27:40 UTC,1598577,Proteus P2,9018,30.50000
2025-03-06 08:27:55 UTC,1598577,Proteus P2,9028,30.50000
2025-03-06 08:28:10 UTC,1598577,Proteus P2,9038,30.50000
2025-03-06 08:28:24 UTC,1598577,Proteus P2,9048,30.50000
2025-03-06 08:28:38 UTC,1598577,Proteus P2,9058,30.50000
2025-03-06 08:28:53 UTC,1598577,Proteus P2,9068,30.50000
2025-03-06 08:29:06 UTC,1598577,Proteus P2,9077,30.50000
2025-03-06 08:29:20 UTC,1598577,Proteus P2,9087,30.56250
2025-03-06 08:29:35 UTC,1598577,Proteus P2,9097,30.50000
2025-03-06 08:29:49 UTC,1598577,Proteus P2,9107,30.50000
2025-03-06 08:30:03 UTC,1598577,Proteus P2,9117,30.50000
2025-03-06 08:30:18 UTC,1598577,Proteus P2,9127,30.50000
2025-03-06 08:30:32 UTC,1598577,Proteus P2,9137,30.50000
2025-03-06 08:30:47 UTC,1598577,Proteus P2,9147,30.50000
2025-03-06 08:31:01 UTC,1598577,Proteus P2,9157,30.50000
2025-03-06 08:31:15 UTC,1598577,Proteus P2,9167,30.50000
2025-03-06 08:31:30 UTC,1598577,Proteus P2,9177,30.50000
2025-03-06 08:31:44 UTC,1598577,Proteus P2,9187,30.50000
2025-03-06 08:31:59 UTC,1598577,Proteus P2,9197,30.56250
2025-03-06 08:32:13 UTC,1598577,Proteus P2,9207,30.56250
2025-03-06 08:32:27 UTC,1598577,Proteus P2,9216,30.50000
2025-03-06 08:32:41 UTC,1598577,Proteus P2,9226,30.50000
2025-03-06 08:32:56 UTC,1598577,Proteus P2,9236,30.43750
2025-03-06 08:33:10 UTC,1598577,Proteus P2,9246,30.37500
2025-03-06 08:33:25 UTC,1598577,Proteus P2,9256,30.37500
2025-03-06 08:33:39 UTC,1598577,Proteus P2,9266,30.31250
2025-03-06 08:33:53 UTC,1598577,Proteus P2,9276,30.31250
2025-03-06 08:34:08 UTC,1598577,Proteus P2,9286,30.25000
2025-03-06 08:34:23 UTC,1598577,Proteus P2,9296,30.18750
2025-03-06 08:34:37 UTC,1598577,Proteus P2,9306,30.12500
2025-03-06 08:34:51 UTC,1598577,Proteus P2,9316,30.12500
2025-03-06 08:35:06 UTC,1598577,Proteus P2,9326,30.06250
2025-03-06 08:35:20 UTC,1598577,Proteus P2,9336,30.00000
2025-03-06 08:35:33 UTC,1598577,Proteus P2,9345,30.00000
2025-03-06 08:35:48 UTC,1598577,Proteus P2,9355,30.00000
2025-03-06 08:36:02 UTC,1598577,Proteus P2,9365,30.00000
2025-03-06 08:36:17 UTC,1598577,Proteus P2,9375,29.93750
2025-03-06 08:36:32 UTC,1598577,Proteus P2,9385,29.93750
2025-03-06 08:36:46 UTC,1598577,Proteus P2,9395,29.87500
2025-03-06 08:36:59 UTC,1598577,Proteus P2,9404,29.93750
2025-03-06 08:37:13 UTC,1598577,Proteus P2,9414,29.93750
2025-03-06 08:37:28 UTC,1598577,Proteus P2,9424,29.93750
2025-03-06 08:37:42 UTC,1598577,Proteus P2,9434,29.93750
2025-03-06 08:37:57 UTC,1598577,Proteus P2,9444,29.87500
2025-03-06 08:38:11 UTC,1598577,Proteus P2,9454,29.81250
2025-03-06 08:38:25 UTC,1598577,Proteus P2,9464,29.87500
2025-03-06 08:38:40 UTC,1598577,Proteus P2,9474,29.81250
2025-03-06 08:38:55 UTC,1598577,Proteus P2,9484,29.87500
2025-03-06 08:39:09 UTC,1598577,Proteus P2,9494,29.87500
2025-03-06 08:39:24 UTC,1598577,Proteus P2,9504,29.93750
2025-03-06 08:39:37 UTC,1598577,Proteus P2,9513,29.93750
2025-03-06 08:39:51 UTC,1598577,Proteus P2,9523,30.00000
2025-03-06 08:40:06 UTC,1598577,Proteus P2,9533,30.06250
2025-03-06 08:40:20 UTC,1598577,Proteus P2,9543,30.06250
2025-03-06 08:40:35 UTC,1598577,Proteus P2,9553,30.06250
2025-03-06 08:40:49 UTC,1598577,Proteus P2,9563,30.06250
2025-03-06 08:41:03 UTC,1598577,Proteus P2,9573,30.12500
2025-03-06 08:41:18 UTC,1598577,Proteus P2,9583,30.12500
2025-03-06 08:41:32 UTC,1598577,Proteus P2,9593,30.12500
2025-03-06 08:41:46 UTC,1598577,Proteus P2,9603,30.12500
2025-03-06 08:42:01 UTC,1598577,Proteus P2,9613,30.18750
2025-03-06 08:42:15 UTC,1598577,Proteus P2,9623,30.12500
2025-03-06 08:42:30 UTC,1598577,Proteus P2,9633,30.18750
2025-03-06 08:42:44 UTC,1598577,Proteus P2,9643,30.18750
2025-03-06 08:42:58 UTC,1598577,Proteus P2,9653,30.25000
2025-03-06 08:43:13 UTC,1598577,Proteus P2,9663,30.25000
2025-03-06 08:43:27 UTC,1598577,Proteus P2,9673,30.31250
2025-03-06 08:43:40 UTC,1598577,Proteus P2,9682,30.31250
2025-03-06 08:43:55 UTC,1598577,Proteus P2,9692,30.31250
2025-03-06 08:44:09 UTC,1598577,Proteus P2,9702,30.31250
2025-03-06 08:44:24 UTC,1598577,Proteus P2,9712,30.31250
2025-03-06 08:44:38 UTC,1598577,Proteus P2,9722,30.37500
2025-03-06 08:44:53 UTC,1598577,Proteus P2,9732,30.31250
2025-03-06 08:45:07 UTC,1598577,Proteus P2,9742,30.31250
2025-03-06 08:45:22 UTC,1598577,Proteus P2,9752,30.31250
2025-03-06 08:45:36 UTC,1598577,Proteus P2,9762,30.37500
2025-03-06 08:45:50 UTC,1598577,Proteus P2,9772,30.37500
2025-03-06 08:46:05 UTC,1598577,Proteus P2,9782,30.31250
2025-03-06 08:46:18 UTC,1598577,Proteus P2,9791,30.37500
2025-03-06 08:46:34 UTC,1598577,Proteus P2,9802,30.37500
2025-03-06 08:46:48 UTC,1598577,Proteus P2,9812,30.31250
2025-03-06 08:47:01 UTC,1598577,Proteus P2,9821,30.37500
2025-03-06 08:47:16 UTC,1598577,Proteus P2,9831,30.37500
2025-03-06 08:47:30 UTC,1598577,Proteus P2,9841,30.37500
2025-03-06 08:47:45 UTC,1598577,Proteus P2,9851,30.37500
2025-03-06 08:47:59 UTC,1598577,Proteus P2,9861,30.37500
2025-03-06 08:48:13 UTC,1598577,Proteus P2,9871,30.37500
2025-03-06 08:48:28 UTC,1598577,Proteus P2,9881,30.37500
2025-03-06 08:48:42 UTC,1598577,Proteus P2,9889,30.37500
2025-03-06 08:48:56 UTC,1598577,Proteus P2,9897,30.37500
2025-03-06 08:49:12 UTC,1598577,Proteus P2,9908,30.37500
2025-03-06 08:49:26 UTC,1598577,Proteus P2,9918,30.43750
2025-03-06 08:49:40 UTC,1598577,Proteus P2,9928,30.43750
2025-03-06 08:49:54 UTC,1598577,Proteus P2,9937,30.43750
2025-03-06 08:50:08 UTC,1598577,Proteus P2,9947,30.43750
2025-03-06 08:50:23 UTC,1598577,Proteus P2,9957,30.43750
2025-03-06 08:50:37 UTC,1598577,Proteus P2,9967,30.43750
2025-03-06 08:50:52 UTC,1598577,Proteus P2,9977,30.37500
2025-03-06 08:51:06 UTC,1598577,Proteus P2,9987,30.37500
2025-03-06 08:51:20 UTC,1598577,Proteus P2,9997,30.31250
2025-03-06 08:51:35 UTC,1598577,Proteus P2,10007,30.31250
2025-03-06 08:51:48 UTC,1598577,Proteus P2,10016,30.31250
2025-03-06 08:52:02 UTC,1598577,Proteus P2,10026,30.31250
2025-03-06 08:52:17 UTC,1598577,Proteus P2,10036,30.25000
2025-03-06 08:52:31 UTC,1598577,Proteus P2,10046,30.25000
2025-03-06 08:52:46 UTC,1598577,Proteus P2,10056,30.18750
2025-03-06 08:53:00 UTC,1598577,Proteus P2,10066,30.18750
2025-03-06 08:53:14 UTC,1598577,Proteus P2,10076,30.18750
2025-03-06 08:53:29 UTC,1598577,Proteus P2,10086,30.12500
2025-03-06 08:53:43 UTC,1598577,Proteus P2,10096,30.12500
2025-03-06 08:53:57 UTC,1598577,Proteus P2,10106,30.06250
2025-03-06 08:54:12 UTC,1598577,Proteus P2,10116,30.06250
2025-03-06 08:54:26 UTC,1598577,Proteus P2,10126,30.06250
2025-03-06 08:54:41 UTC,1598577,Proteus P2,10136,30.06250
2025-03-06 08:54:55 UTC,1598577,Proteus P2,10146,30.00000
2025-03-06 08:55:09 UTC,1598577,Proteus P2,10156,30.00000
2025-03-06 08:55:24 UTC,1598577,Proteus P2,10166,29.93750
2025-03-06 08:55:38 UTC,1598577,Proteus P2,10176,29.93750
2025-03-06 08:55:52 UTC,1598577,Proteus P2,10186,29.93750
2025-03-06 08:56:07 UTC,1598577,Proteus P2,10196,29.87500
2025-03-06 08:56:21 UTC,1598577,Proteus P2,10206,29.87500
2025-03-06 08:56:35 UTC,1598577,Proteus P2,10216,29.81250
2025-03-06 08:56:50 UTC,1598577,Proteus P2,10226,29.81250
2025-03-06 08:57:04 UTC,1598577,Proteus P2,10236,29.87500
2025-03-06 08:57:19 UTC,1598577,Proteus P2,10246,29.81250
2025-03-06 08:57:32 UTC,1598577,Proteus P2,10255,29.81250
2025-03-06 08:57:46 UTC,1598577,Proteus P2,10265,29.81250
2025-03-06 08:58:01 UTC,1598577,Proteus P2,10275,29.81250
2025-03-06 08:58:16 UTC,1598577,Proteus P2,10285,29.81250
2025-03-06 08:58:30 UTC,1598577,Proteus P2,10295,29.81250
2025-03-06 08:58:44 UTC,1598577,Proteus P2,10305,29.87500
2025-03-06 08:58:58 UTC,1598577,Proteus P2,10315,29.87500
2025-03-06 08:59:13 UTC,1598577,Proteus P2,10325,29.87500
2025-03-06 08:59:27 UTC,1598577,Proteus P2,10335,29.93750
2025-03-06 08:59:42 UTC,1598577,Proteus P2,10345,30.00000
2025-03-06 08:59:56 UTC,1598577,Proteus P2,10355,30.06250
2025-03-06 09:00:10 UTC,1598577,Proteus P2,10365,30.12500
2025-03-06 09:00:25 UTC,1598577,Proteus P2,10375,30.12500
2025-03-06 09:00:39 UTC,1598577,Proteus P2,10385,30.12500
2025-03-06 09:00:54 UTC,1598577,Proteus P2,10395,30.12500
2025-03-06 09:01:08 UTC,1598577,Proteus P2,10405,30.12500
2025-03-06 09:01:22 UTC,1598577,Proteus P2,10415,30.18750
2025-03-06 09:01:37 UTC,1598577,Proteus P2,10425,30.18750
2025-03-06 09:01:50 UTC,1598577,Proteus P2,10434,30.25000
2025-03-06 09:02:05 UTC,1598577,Proteus P2,10444,30.25000
2025-03-06 09:02:19 UTC,1598577,Proteus P2,10454,30.25000
2025-03-06 09:02:33 UTC,1598577,Proteus P2,10464,30.25000
2025-03-06 09:02:48 UTC,1598577,Proteus P2,10474,30.31250
2025-03-06 09:03:02 UTC,1598577,Proteus P2,10484,30.31250
2025-03-06 09:03:16 UTC,1598577,Proteus P2,10494,30.31250
2025-03-06 09:03:32 UTC,1598577,Proteus P2,10505,30.31250
2025-03-06 09:03:46 UTC,1598577,Proteus P2,10515,30.31250
2025-03-06 09:04:00 UTC,1598577,Proteus P2,10525,30.31250
2025-03-06 09:04:15 UTC,1598577,Proteus P2,10535,30.31250
2025-03-06 09:04:29 UTC,1598577,Proteus P2,10545,30.31250
2025-03-06 09:04:42 UTC,1598577,Proteus P2,10554,30.31250
2025-03-06 09:04:57 UTC,1598577,Proteus P2,10564,30.25000
2025-03-06 09:05:11 UTC,1598577,Proteus P2,10572,30.25000
2025-03-06 09:05:26 UTC,1598577,Proteus P2,10582,30.25000
2025-03-06 09:05:40 UTC,1598577,Proteus P2,10592,30.25000
2025-03-06 09:05:55 UTC,1598577,Proteus P2,10602,30.25000
2025-03-06 09:06:09 UTC,1598577,Proteus P2,10612,30.25000
2025-03-06 09:06:23 UTC,1598577,Proteus P2,10622,30.25000
2025-03-06 09:06:38 UTC,1598577,Proteus P2,10632,30.25000
2025-03-06 09:06:51 UTC,1598577,Proteus P2,10641,30.25000
2025-03-06 09:07:06 UTC,1598577,Proteus P2,10651,30.31250
2025-03-06 09:07:20 UTC,1598577,Proteus P2,10661,30.31250
2025-03-06 09:07:35 UTC,1598577,Proteus P2,10671,30.31250
2025-03-06 09:07:49 UTC,1598577,Proteus P2,10681,30.37500
2025-03-06 09:08:04 UTC,1598577,Proteus P2,10691,30.37500
2025-03-06 09:08:18 UTC,1598577,Proteus P2,10701,30.37500
2025-03-06 09:08:32 UTC,1598577,Proteus P2,10711,30.37500
2025-03-06 09:08:47 UTC,1598577,Proteus P2,10721,30.37500
2025-03-06 09:09:01 UTC,1598577,Proteus P2,10731,30.31250
2025-03-06 09:09:15 UTC,1598577,Proteus P2,10741,30.31250
2025-03-06 09:09:30 UTC,1598577,Proteus P2,10751,30.25000
2025-03-06 09:09:44 UTC,1598577,Proteus P2,10761,30.18750
2025-03-06 09:09:58 UTC,1598577,Proteus P2,10771,30.12500
2025-03-06 09:10:13 UTC,1598577,Proteus P2,10781,30.06250
2025-03-06 09:10:27 UTC,1598577,Proteus P2,10791,30.06250
2025-03-06 09:10:41 UTC,1598577,Proteus P2,10801,30.00000
2025-03-06 09:10:56 UTC,1598577,Proteus P2,10811,30.00000
2025-03-06 09:11:10 UTC,1598577,Proteus P2,10821,29.93750
2025-03-06 09:11:25 UTC,1598577,Proteus P2,10831,29.93750
2025-03-06 09:11:39 UTC,1598577,Proteus P2,10841,29.87500
2025-03-06 09:11:54 UTC,1598577,Proteus P2,10851,29.87500
2025-03-06 09:12:08 UTC,1598577,Proteus P2,10861,29.81250
2025-03-06 09:12:22 UTC,1598577,Proteus P2,10871,29.75000
2025-03-06 09:12:37 UTC,1598577,Proteus P2,10881,29.68750
2025-03-06 09:12:50 UTC,1598577,Proteus P2,10890,29.68750
2025-03-06 09:13:04 UTC,1598577,Proteus P2,10900,29.62500
2025-03-06 09:13:20 UTC,1598577,Proteus P2,10911,29.62500
2025-03-06 09:13:34 UTC,1598577,Proteus P2,10921,29.62500
2025-03-06 09:13:48 UTC,1598577,Proteus P2,10931,29.62500
2025-03-06 09:14:02 UTC,1598577,Proteus P2,10940,29.56250
2025-03-06 09:14:16 UTC,1598577,Proteus P2,10950,29.56250
2025-03-06 09:14:32 UTC,1598577,Proteus P2,10961,29.56250
2025-03-06 09:14:45 UTC,1598577,Proteus P2,10970,29.56250
2025-03-06 09:14:59 UTC,1598577,Proteus P2,10980,29.56250
2025-03-06 09:15:14 UTC,1598577,Proteus P2,10990,29.56250
2025-03-06 09:15:28 UTC,1598577,Proteus P2,11000,29.56250
2025-03-06 09:15:43 UTC,1598577,Proteus P2,11010,29.68750
2025-03-06 09:15:57 UTC,1598577,Proteus P2,11020,29.68750
2025-03-06 09:16:11 UTC,1598577,Proteus P2,11030,29.75000
2025-03-06 09:16:25 UTC,1598577,Proteus P2,11040,29.75000
2025-03-06 09:16:40 UTC,1598577,Proteus P2,11050,29.81250
2025-03-06 09:16:54 UTC,1598577,Proteus P2,11060,29.87500
2025-03-06 09:17:09 UTC,1598577,Proteus P2,11070,29.87500
2025-03-06 09:17:23 UTC,1598577,Proteus P2,11080,29.87500
2025-03-06 09:17:38 UTC,1598577,Proteus P2,11090,29.87500
2025-03-06 09:17:52 UTC,1598577,Proteus P2,11100,29.93750
2025-03-06 09:18:07 UTC,1598577,Proteus P2,11110,29.93750
2025-03-06 09:18:21 UTC,1598577,Proteus P2,11120,30.00000
2025-03-06 09:18:35 UTC,1598577,Proteus P2,11128,30.00000
2025-03-06 09:18:49 UTC,1598577,Proteus P2,11138,30.06250
2025-03-06 09:19:04 UTC,1598577,Proteus P2,11148,30.06250
2025-03-06 09:19:18 UTC,1598577,Proteus P2,11158,30.06250
2025-03-06 09:19:33 UTC,1598577,Proteus P2,11168,30.06250
2025-03-06 09:19:47 UTC,1598577,Proteus P2,11178,30.12500
2025-03-06 09:20:00 UTC,1598577,Proteus P2,11187,30.06250
2025-03-06 09:20:15 UTC,1598577,Proteus P2,11197,30.12500
2025-03-06 09:20:29 UTC,1598577,Proteus P2,11207,30.12500
2025-03-06 09:20:44 UTC,1598577,Proteus P2,11217,30.06250
2025-03-06 09:20:58 UTC,1598577,Proteus P2,11227,30.06250
2025-03-06 09:21:13 UTC,1598577,Proteus P2,11237,30.06250
2025-03-06 09:21:27 UTC,1598577,Proteus P2,11247,30.06250
2025-03-06 09:21:41 UTC,1598577,Proteus P2,11257,30.06250
2025-03-06 09:21:56 UTC,1598577,Proteus P2,11267,30.06250
2025-03-06 09:22:11 UTC,1598577,Proteus P2,11277,30.06250
2025-03-06 09:22:25 UTC,1598577,Proteus P2,11287,30.06250
2025-03-06 09:22:38 UTC,1598577,Proteus P2,11296,30.12500
2025-03-06 09:22:53 UTC,1598577,Proteus P2,11306,30.12500
2025-03-06 09:23:07 UTC,1598577,Proteus P2,11316,30.12500
2025-03-06 09:23:21 UTC,1598577,Proteus P2,11326,30.12500
2025-03-06 09:23:36 UTC,1598577,Proteus P2,11336,30.06250
2025-03-06 09:23:51 UTC,1598577,Proteus P2,11346,30.06250
2025-03-06 09:24:05 UTC,1598577,Proteus P2,11356,30.06250
2025-03-06 09:24:19 UTC,1598577,Proteus P2,11366,30.06250
2025-03-06 09:24:34 UTC,1598577,Proteus P2,11376,30.06250
2025-03-06 09:24:48 UTC,1598577,Proteus P2,11386,30.00000
2025-03-06 09:25:03 UTC,1598577,Proteus P2,11396,30.06250
2025-03-06 09:25:17 UTC,1598577,Proteus P2,11406,30.06250
2025-03-06 09:25:30 UTC,1598577,Proteus P2,11415,30.06250
2025-03-06 09:25:44 UTC,1598577,Proteus P2,11425,30.06250
2025-03-06 09:25:59 UTC,1598577,Proteus P2,11435,30.06250
2025-03-06 09:26:13 UTC,1598577,Proteus P2,11445,30.06250
2025-03-06 09:26:28 UTC,1598577,Proteus P2,11455,30.06250
2025-03-06 09:26:42 UTC,1598577,Proteus P2,11465,30.06250
2025-03-06 09:26:56 UTC,1598577,Proteus P2,11475,30.12500
2025-03-06 09:27:11 UTC,1598577,Proteus P2,11485,30.06250
2025-03-06 09:27:25 UTC,1598577,Proteus P2,11495,30.06250
2025-03-06 09:27:39 UTC,1598577,Proteus P2,11505,30.06250
2025-03-06 09:27:54 UTC,1598577,Proteus P2,11515,30.06250
2025-03-06 09:28:08 UTC,1598577,Proteus P2,11525,30.06250
2025-03-06 09:28:23 UTC,1598577,Proteus P2,11535,30.06250
2025-03-06 09:28:37 UTC,1598577,Proteus P2,11545,30.06250
2025-03-06 09:28:51 UTC,1598577,Proteus P2,11555,30.12500
2025-03-06 09:29:06 UTC,1598577,Proteus P2,11565,30.12500
2025-03-06 09:29:20 UTC,1598577,Proteus P2,11575,30.06250
2025-03-06 09:29:34 UTC,1598577,Proteus P2,11585,30.06250
2025-03-06 09:29:49 UTC,1598577,Proteus P2,11595,30.00000
2025-03-06 09:30:03 UTC,1598577,Proteus P2,11605,29.93750
2025-03-06 09:30:17 UTC,1598577,Proteus P2,11615,29.87500
2025-03-06 09:30:32 UTC,1598577,Proteus P2,11625,29.87500
2025-03-06 09:30:46 UTC,1598577,Proteus P2,11635,29.81250
2025-03-06 09:31:01 UTC,1598577,Proteus P2,11645,29.75000
2025-03-06 09:31:15 UTC,1598577,Proteus P2,11655,29.75000
2025-03-06 09:31:29 UTC,1598577,Proteus P2,11665,29.75000
2025-03-06 09:31:44 UTC,1598577,Proteus P2,11675,29.68750
2025-03-06 09:31:58 UTC,1598577,Proteus P2,11685,29.68750
2025-03-06 09:32:12 UTC,1598577,Proteus P2,11695,29.62500
2025-03-06 09:32:27 UTC,1598577,Proteus P2,11705,29.62500
2025-03-06 09:32:41 UTC,1598577,Proteus P2,11715,29.62500
2025-03-06 09:32:55 UTC,1598577,Proteus P2,11725,29.62500
2025-03-06 09:33:10 UTC,1598577,Proteus P2,11735,29.56250
2025-03-06 09:33:24 UTC,1598577,Proteus P2,11745,29.56250
2025-03-06 09:33:39 UTC,1598577,Proteus P2,11755,29.62500
2025-03-06 09:33:53 UTC,1598577,Proteus P2,11765,29.56250
2025-03-06 09:34:07 UTC,1598577,Proteus P2,11775,29.56250
2025-03-06 09:34:22 UTC,1598577,Proteus P2,11785,29.50000
2025-03-06 09:34:36 UTC,1598577,Proteus P2,11795,29.50000
2025-03-06 09:34:51 UTC,1598577,Proteus P2,11805,29.50000
2025-03-06 09:35:05 UTC,1598577,Proteus P2,11815,29.50000
2025-03-06 09:35:19 UTC,1598577,Proteus P2,11825,29.50000
2025-03-06 09:35:34 UTC,1598577,Proteus P2,11835,29.50000
2025-03-06 09:35:48 UTC,1598577,Proteus P2,11845,29.50000
2025-03-06 09:36:01 UTC,1598577,Proteus P2,11854,29.56250
2025-03-06 09:36:16 UTC,1598577,Proteus P2,11864,29.62500
2025-03-06 09:36:31 UTC,1598577,Proteus P2,11875,29.62500
2025-03-06 09:36:46 UTC,1598577,Proteus P2,11885,29.68750
2025-03-06 09:36:59 UTC,1598577,Proteus P2,11894,29.68750
2025-03-06 09:37:13 UTC,1598577,Proteus P2,11904,29.75000
2025-03-06 09:37:27 UTC,1598577,Proteus P2,11914,29.75000
2025-03-06 09:37:42 UTC,1598577,Proteus P2,11924,29.81250
2025-03-06 09:37:56 UTC,1598577,Proteus P2,11934,29.81250
2025-03-06 09:38:11 UTC,1598577,Proteus P2,11944,29.87500
2025-03-06 09:38:25 UTC,1598577,Proteus P2,11954,29.87500
2025-03-06 09:38:39 UTC,1598577,Proteus P2,11964,29.93750
2025-03-06 09:38:54 UTC,1598577,Proteus P2,11974,29.93750
2025-03-06 09:39:08 UTC,1598577,Proteus P2,11984,29.93750
2025-03-06 09:39:22 UTC,1598577,Proteus P2,11994,29.93750
2025-03-06 09:39:37 UTC,1598577,Proteus P2,12004,29.93750
2025-03-06 09:39:51 UTC,1598577,Proteus P2,12014,29.93750
2025-03-06 09:40:06 UTC,1598577,Proteus P2,12024,30.00000
2025-03-06 09:40:20 UTC,1598577,Proteus P2,12034,30.00000
2025-03-06 09:40:34 UTC,1598577,Proteus P2,12044,30.00000
2025-03-06 09:40:49 UTC,1598577,Proteus P2,12054,30.00000
2025-03-06 09:41:03 UTC,1598577,Proteus P2,12063,30.00000
2025-03-06 09:41:18 UTC,1598577,Proteus P2,12073,30.00000
2025-03-06 09:41:32 UTC,1598577,Proteus P2,12083,29.93750
2025-03-06 09:41:47 UTC,1598577,Proteus P2,12093,29.93750
2025-03-06 09:42:01 UTC,1598577,Proteus P2,12101,30.00000
2025-03-06 09:42:15 UTC,1598577,Proteus P2,12111,30.00000
2025-03-06 09:42:30 UTC,1598577,Proteus P2,12121,30.00000
2025-03-06 09:42:44 UTC,1598577,Proteus P2,12131,30.00000
2025-03-06 09:42:58 UTC,1598577,Proteus P2,12141,30.00000
2025-03-06 09:43:13 UTC,1598577,Proteus P2,12151,30.06250
2025-03-06 09:43:27 UTC,1598577,Proteus P2,12161,30.00000
2025-03-06 09:43:41 UTC,1598577,Proteus P2,12171,30.00000
2025-03-06 09:43:56 UTC,1598577,Proteus P2,12181,30.00000
2025-03-06 09:44:10 UTC,1598577,Proteus P2,12191,30.00000
2025-03-06 09:44:23 UTC,1598577,Proteus P2,12200,30.00000
2025-03-06 09:44:38 UTC,1598577,Proteus P2,12210,30.00000
2025-03-06 09:44:52 UTC,1598577,Proteus P2,12220,30.00000
2025-03-06 09:45:07 UTC,1598577,Proteus P2,12230,30.00000
2025-03-06 09:45:21 UTC,1598577,Proteus P2,12240,30.00000
2025-03-06 09:45:36 UTC,1598577,Proteus P2,12250,30.00000
2025-03-06 09:45:50 UTC,1598577,Proteus P2,12260,30.00000
2025-03-06 09:46:04 UTC,1598577,Proteus P2,12270,30.00000
2025-03-06 09:46:19 UTC,1598577,Proteus P2,12280,30.00000
2025-03-06 09:46:33 UTC,1598577,Proteus P2,12290,30.00000
2025-03-06 09:46:47 UTC,1598577,Proteus P2,12300,30.06250
2025-03-06 09:47:02 UTC,1598577,Proteus P2,12310,30.06250
2025-03-06 09:47:16 UTC,1598577,Proteus P2,12320,30.06250
2025-03-06 09:47:31 UTC,1598577,Proteus P2,12330,30.06250
2025-03-06 09:47:44 UTC,1598577,Proteus P2,12339,30.06250
2025-03-06 09:47:59 UTC,1598577,Proteus P2,12348,30.00000
2025-03-06 09:48:14 UTC,1598577,Proteus P2,12358,29.93750
2025-03-06 09:48:28 UTC,1598577,Proteus P2,12368,29.87500
2025-03-06 09:48:41 UTC,1598577,Proteus P2,12377,29.87500
2025-03-06 09:48:56 UTC,1598577,Proteus P2,12387,29.87500
2025-03-06 09:49:10 UTC,1598577,Proteus P2,12397,29.81250
2025-03-06 09:49:25 UTC,1598577,Proteus P2,12407,29.75000
2025-03-06 09:49:40 UTC,1598577,Proteus P2,12417,29.68750
2025-03-06 09:49:53 UTC,1598577,Proteus P2,12426,29.68750
2025-03-06 09:50:07 UTC,1598577,Proteus P2,12436,29.68750
2025-03-06 09:50:22 UTC,1598577,Proteus P2,12446,29.68750
2025-03-06 09:50:36 UTC,1598577,Proteus P2,12456,29.62500
2025-03-06 09:50:51 UTC,1598577,Proteus P2,12466,29.62500
2025-03-06 09:51:05 UTC,1598577,Proteus P2,12476,29.62500
2025-03-06 09:51:19 UTC,1598577,Proteus P2,12486,29.56250
2025-03-06 09:51:34 UTC,1598577,Proteus P2,12496,29.56250
2025-03-06 09:51:48 UTC,1598577,Proteus P2,12506,29.56250
2025-03-06 09:52:02 UTC,1598577,Proteus P2,12516,29.56250
2025-03-06 09:52:17 UTC,1598577,Proteus P2,12526,29.56250
2025-03-06 09:52:31 UTC,1598577,Proteus P2,12536,29.50000
2025-03-06 09:52:46 UTC,1598577,Proteus P2,12546,29.50000
2025-03-06 09:53:00 UTC,1598577,Proteus P2,12556,29.50000
2025-03-06 09:53:14 UTC,1598577,Proteus P2,12566,29.43750
2025-03-06 09:53:29 UTC,1598577,Proteus P2,12576,29.43750
2025-03-06 09:53:43 UTC,1598577,Proteus P2,12586,29.37500
2025-03-06 09:53:58 UTC,1598577,Proteus P2,12596,29.31250
2025-03-06 09:54:12 UTC,1598577,Proteus P2,12606,29.31250
2025-03-06 09:54:26 UTC,1598577,Proteus P2,12615,29.31250
2025-03-06 09:54:40 UTC,1598577,Proteus P2,12625,29.25000
2025-03-06 09:54:54 UTC,1598577,Proteus P2,12635,29.25000
2025-03-06 09:55:09 UTC,1598577,Proteus P2,12645,29.18750
2025-03-06 09:55:23 UTC,1598577,Proteus P2,12655,29.18750
2025-03-06 09:55:38 UTC,1598577,Proteus P2,12665,29.18750
2025-03-06 09:55:52 UTC,1598577,Proteus P2,12675,29.18750
2025-03-06 09:56:06 UTC,1598577,Proteus P2,12685,29.12500
2025-03-06 09:56:21 UTC,1598577,Proteus P2,12695,29.18750
2025-03-06 09:56:35 UTC,1598577,Proteus P2,12705,29.18750
2025-03-06 09:56:50 UTC,1598577,Proteus P2,12715,29.18750
2025-03-06 09:57:04 UTC,1598577,Proteus P2,12725,29.18750
2025-03-06 09:57:19 UTC,1598577,Proteus P2,12735,29.18750
2025-03-06 09:57:33 UTC,1598577,Proteus P2,12745,29.18750
2025-03-06 09:57:47 UTC,1598577,Proteus P2,12755,29.18750
2025-03-06 09:58:02 UTC,1598577,Proteus P2,12765,29.25000
2025-03-06 09:58:16 UTC,1598577,Proteus P2,12775,29.25000
2025-03-06 09:58:30 UTC,1598577,Proteus P2,12785,29.31250
2025-03-06 09:58:44 UTC,1598577,Proteus P2,12793,29.31250
2025-03-06 09:58:58 UTC,1598577,Proteus P2,12803,29.37500
2025-03-06 09:59:13 UTC,1598577,Proteus P2,12813,29.31250
2025-03-06 09:59:27 UTC,1598577,Proteus P2,12823,29.37500
2025-03-06 09:59:42 UTC,1598577,Proteus P2,12833,29.37500
2025-03-06 09:59:56 UTC,1598577,Proteus P2,12843,29.37500
2025-03-06 10:00:11 UTC,1598577,Proteus P2,12853,29.50000
2025-03-06 10:00:25 UTC,1598577,Proteus P2,12863,29.56250
2025-03-06 10:00:38 UTC,1598577,Proteus P2,12872,29.56250
2025-03-06 10:00:53 UTC,1598577,Proteus P2,12882,29.56250
2025-03-06 10:01:07 UTC,1598577,Proteus P2,12892,29.62500
2025-03-06 10:01:22 UTC,1598577,Proteus P2,12902,29.62500
2025-03-06 10:01:36 UTC,1598577,Proteus P2,12912,29.62500
2025-03-06 10:01:51 UTC,1598577,Proteus P2,12922,29.68750
2025-03-06 10:02:05 UTC,1598577,Proteus P2,12932,29.62500
2025-03-06 10:02:20 UTC,1598577,Proteus P2,12942,29.68750
2025-03-06 10:02:34 UTC,1598577,Proteus P2,12952,29.68750
2025-03-06 10:02:48 UTC,1598577,Proteus P2,12962,29.68750
2025-03-06 10:03:02 UTC,1598577,Proteus P2,12971,29.68750
2025-03-06 10:03:17 UTC,1598577,Proteus P2,12981,29.62500
2025-03-06 10:03:31 UTC,1598577,Proteus P2,12991,29.62500
2025-03-06 10:03:46 UTC,1598577,Proteus P2,13001,29.62500
2025-03-06 10:04:00 UTC,1598577,Proteus P2,13011,29.68750
2025-03-06 10:04:14 UTC,1598577,Proteus P2,13021,29.68750
2025-03-06 10:04:29 UTC,1598577,Proteus P2,13031,29.68750
2025-03-06 10:04:43 UTC,1598577,Proteus P2,13041,29.68750
2025-03-06 10:04:57 UTC,1598577,Proteus P2,13051,29.68750
2025-03-06 10:05:12 UTC,1598577,Proteus P2,13061,29.68750
2025-03-06 10:05:26 UTC,1598577,Proteus P2,13071,29.68750
2025-03-06 10:05:40 UTC,1598577,Proteus P2,13081,29.68750
2025-03-06 10:05:55 UTC,1598577,Proteus P2,13091,29.68750
2025-03-06 10:06:09 UTC,1598577,Proteus P2,13101,29.68750
2025-03-06 10:06:22 UTC,1598577,Proteus P2,13110,29.68750
2025-03-06 10:06:37 UTC,1598577,Proteus P2,13120,29.68750
2025-03-06 10:06:51 UTC,1598577,Proteus P2,13130,29.68750
2025-03-06 10:07:06 UTC,1598577,Proteus P2,13140,29.68750
2025-03-06 10:07:20 UTC,1598577,Proteus P2,13150,29.75000
2025-03-06 10:07:35 UTC,1598577,Proteus P2,13160,29.68750
2025-03-06 10:07:49 UTC,1598577,Proteus P2,13170,29.68750
2025-03-06 10:08:03 UTC,1598577,Proteus P2,13180,29.62500
2025-03-06 10:08:18 UTC,1598577,Proteus P2,13190,29.62500
2025-03-06 10:08:32 UTC,1598577,Proteus P2,13200,29.62500
2025-03-06 10:08:47 UTC,1598577,Proteus P2,13210,29.62500
2025-03-06 10:09:01 UTC,1598577,Proteus P2,13220,29.56250
2025-03-06 10:09:15 UTC,1598577,Proteus P2,13230,29.56250
2025-03-06 10:09:30 UTC,1598577,Proteus P2,13240,29.56250
2025-03-06 10:09:44 UTC,1598577,Proteus P2,13250,29.56250
2025-03-06 10:09:59 UTC,1598577,Proteus P2,13260,29.56250
2025-03-06 10:10:12 UTC,1598577,Proteus P2,13269,29.56250
2025-03-06 10:10:26 UTC,1598577,Proteus P2,13279,29.50000
2025-03-06 10:10:40 UTC,1598577,Proteus P2,13289,29.50000
2025-03-06 10:10:55 UTC,1598577,Proteus P2,13299,29.43750
2025-03-06 10:11:09 UTC,1598577,Proteus P2,13309,29.43750
2025-03-06 10:11:24 UTC,1598577,Proteus P2,13319,29.43750
2025-03-06 10:11:38 UTC,1598577,Proteus P2,13329,29.37500
2025-03-06 10:11:53 UTC,1598577,Proteus P2,13339,29.37500
2025-03-06 10:12:08 UTC,1598577,Proteus P2,13349,29.31250
2025-03-06 10:12:22 UTC,1598577,Proteus P2,13359,29.31250
2025-03-06 10:12:36 UTC,1598577,Proteus P2,13369,29.31250
2025-03-06 10:12:50 UTC,1598577,Proteus P2,13379,29.31250
2025-03-06 10:13:05 UTC,1598577,Proteus P2,13389,29.31250
2025-03-06 10:13:19 UTC,1598577,Proteus P2,13399,29.31250
2025-03-06 10:13:33 UTC,1598577,Proteus P2,13409,29.31250
2025-03-06 10:13:47 UTC,1598577,Proteus P2,13417,29.25000
2025-03-06 10:14:01 UTC,1598577,Proteus P2,13427,29.25000
2025-03-06 10:14:16 UTC,1598577,Proteus P2,13437,29.25000
2025-03-06 10:14:30 UTC,1598577,Proteus P2,13447,29.25000
2025-03-06 10:14:45 UTC,1598577,Proteus P2,13457,29.25000
2025-03-06 10:14:59 UTC,1598577,Proteus P2,13467,29.25000
2025-03-06 10:15:13 UTC,1598577,Proteus P2,13477,29.25000
2025-03-06 10:15:28 UTC,1598577,Proteus P2,13487,29.18750
2025-03-06 10:15:42 UTC,1598577,Proteus P2,13497,29.18750
2025-03-06 10:15:56 UTC,1598577,Proteus P2,13507,29.18750
2025-03-06 10:16:11 UTC,1598577,Proteus P2,13517,29.25000
2025-03-06 10:16:25 UTC,1598577,Proteus P2,13527,29.25000
2025-03-06 10:16:40 UTC,1598577,Proteus P2,13537,29.18750
2025-03-06 10:16:54 UTC,1598577,Proteus P2,13547,29.18750
2025-03-06 10:17:08 UTC,1598577,Proteus P2,13557,29.18750
2025-03-06 10:17:23 UTC,1598577,Proteus P2,13567,29.25000
2025-03-06 10:17:37 UTC,1598577,Proteus P2,13577,29.25000
2025-03-06 10:17:52 UTC,1598577,Proteus P2,13587,29.25000
2025-03-06 10:18:06 UTC,1598577,Proteus P2,13597,29.25000
2025-03-06 10:18:21 UTC,1598577,Proteus P2,13607,29.25000
2025-03-06 10:18:35 UTC,1598577,Proteus P2,13617,29.18750
2025-03-06 10:18:49 UTC,1598577,Proteus P2,13627,29.25000
2025-03-06 10:19:04 UTC,1598577,Proteus P2,13637,29.25000
2025-03-06 10:19:18 UTC,1598577,Proteus P2,13647,29.25000
2025-03-06 10:19:31 UTC,1598577,Proteus P2,13656,29.25000
2025-03-06 10:19:46 UTC,1598577,Proteus P2,13666,29.18750
2025-03-06 10:20:01 UTC,1598577,Proteus P2,13676,29.18750
2025-03-06 10:20:15 UTC,1598577,Proteus P2,13686,29.25000
2025-03-06 10:20:29 UTC,1598577,Proteus P2,13696,29.25000
2025-03-06 10:20:44 UTC,1598577,Proteus P2,13706,29.25000
2025-03-06 10:20:58 UTC,1598577,Proteus P2,13716,29.18750
2025-03-06 10:21:12 UTC,1598577,Proteus P2,13726,29.25000
2025-03-06 10:21:27 UTC,1598577,Proteus P2,13736,29.31250
2025-03-06 10:21:41 UTC,1598577,Proteus P2,13746,29.31250
2025-03-06 10:21:56 UTC,1598577,Proteus P2,13756,29.25000
2025-03-06 10:22:10 UTC,1598577,Proteus P2,13766,29.25000
2025-03-06 10:22:24 UTC,1598577,Proteus P2,13776,29.25000
2025-03-06 10:22:39 UTC,1598577,Proteus P2,13786,29.25000
2025-03-06 10:22:53 UTC,1598577,Proteus P2,13796,29.25000
2025-03-06 10:23:06 UTC,1598577,Proteus P2,13805,29.25000
2025-03-06 10:23:21 UTC,1598577,Proteus P2,13815,29.18750
2025-03-06 10:23:36 UTC,1598577,Proteus P2,13826,29.25000
2025-03-06 10:23:50 UTC,1598577,Proteus P2,13836,29.25000
2025-03-06 10:24:05 UTC,1598577,Proteus P2,13846,29.18750
2025-03-06 10:24:18 UTC,1598577,Proteus P2,13855,29.25000
2025-03-06 10:24:32 UTC,1598577,Proteus P2,13865,29.25000
2025-03-06 10:24:47 UTC,1598577,Proteus P2,13875,29.25000
2025-03-06 10:25:01 UTC,1598577,Proteus P2,13885,29.18750
2025-03-06 10:25:15 UTC,1598577,Proteus P2,13895,29.25000
2025-03-06 10:25:30 UTC,1598577,Proteus P2,13905,29.25000
2025-03-06 10:25:44 UTC,1598577,Proteus P2,13915,29.25000
2025-03-06 10:25:59 UTC,1598577,Proteus P2,13925,29.31250
2025-03-06 10:26:13 UTC,1598577,Proteus P2,13935,29.25000
2025-03-06 10:26:28 UTC,1598577,Proteus P2,13945,29.31250
2025-03-06 10:26:42 UTC,1598577,Proteus P2,13955,29.31250
2025-03-06 10:26:56 UTC,1598577,Proteus P2,13965,29.31250
2025-03-06 10:27:11 UTC,1598577,Proteus P2,13975,29.31250
2025-03-06 10:27:25 UTC,1598577,Proteus P2,13985,29.25000
2025-03-06 10:27:39 UTC,1598577,Proteus P2,13995,29.31250
2025-03-06 10:27:54 UTC,1598577,Proteus P2,14005,29.31250
2025-03-06 10:28:08 UTC,1598577,Proteus P2,14015,29.31250
2025-03-06 10:28:22 UTC,1598577,Proteus P2,14025,29.25000
2025-03-06 10:28:37 UTC,1598577,Proteus P2,14035,29.25000
2025-03-06 10:28:51 UTC,1598577,Proteus P2,14045,29.31250
2025-03-06 10:29:05 UTC,1598577,Proteus P2,14055,29.25000
2025-03-06 10:29:20 UTC,1598577,Proteus P2,14065,29.25000
2025-03-06 10:29:34 UTC,1598577,Proteus P2,14075,29.25000
2025-03-06 10:29:48 UTC,1598577,Proteus P2,14085,29.25000
2025-03-06 10:30:02 UTC,1598577,Proteus P2,14094,29.25000
2025-03-06 10:30:16 UTC,1598577,Proteus P2,14104,29.31250
2025-03-06 10:30:31 UTC,1598577,Proteus P2,14114,29.31250
2025-03-06 10:30:45 UTC,1598577,Proteus P2,14124,29.25000
2025-03-06 10:31:00 UTC,1598577,Proteus P2,14134,29.25000
2025-03-06 10:31:14 UTC,1598577,Proteus P2,14144,29.31250
2025-03-06 10:31:29 UTC,1598577,Proteus P2,14154,29.25000
2025-03-06 10:31:43 UTC,1598577,Proteus P2,14164,29.25000
2025-03-06 10:31:58 UTC,1598577,Proteus P2,14174,29.25000
2025-03-06 10:32:12 UTC,1598577,Proteus P2,14184,29.25000
2025-03-06 10:32:26 UTC,1598577,Proteus P2,14194,29.25000
2025-03-06 10:32:41 UTC,1598577,Proteus P2,14204,29.25000
2025-03-06 10:32:55 UTC,1598577,Proteus P2,14214,29.25000
2025-03-06 10:33:10 UTC,1598577,Proteus P2,14224,29.25000
2025-03-06 10:33:24 UTC,1598577,Proteus P2,14234,29.25000
2025-03-06 10:33:37 UTC,1598577,Proteus P2,14243,29.31250
2025-03-06 10:33:51 UTC,1598577,Proteus P2,14253,29.37500
2025-03-06 10:34:06 UTC,1598577,Proteus P2,14263,29.37500
2025-03-06 10:34:20 UTC,1598577,Proteus P2,14273,29.37500
2025-03-06 10:34:35 UTC,1598577,Proteus P2,14283,29.37500
2025-03-06 10:34:49 UTC,1598577,Proteus P2,14293,29.43750
2025-03-06 10:35:03 UTC,1598577,Proteus P2,14303,29.43750
2025-03-06 10:35:18 UTC,1598577,Proteus P2,14313,29.50000
2025-03-06 10:35:33 UTC,1598577,Proteus P2,14323,29.50000
2025-03-06 10:35:47 UTC,1598577,Proteus P2,14333,29.56250
2025-03-06 10:36:01 UTC,1598577,Proteus P2,14343,29.56250
2025-03-06 10:36:15 UTC,1598577,Proteus P2,14353,29.56250
2025-03-06 10:36:30 UTC,1598577,Proteus P2,14362,29.62500
2025-03-06 10:36:44 UTC,1598577,Proteus P2,14372,29.62500
2025-03-06 10:36:59 UTC,1598577,Proteus P2,14382,29.62500
2025-03-06 10:37:13 UTC,1598577,Proteus P2,14392,29.62500
2025-03-06 10:37:27 UTC,1598577,Proteus P2,14402,29.62500
2025-03-06 10:37:42 UTC,1598577,Proteus P2,14412,29.68750
2025-03-06 10:37:56 UTC,1598577,Proteus P2,14422,29.68750
2025-03-06 10:38:11 UTC,1598577,Proteus P2,14432,29.68750
2025-03-06 10:38:25 UTC,1598577,Proteus P2,14442,29.68750
2025-03-06 10:38:39 UTC,1598577,Proteus P2,14452,29.75000
2025-03-06 10:38:54 UTC,1598577,Proteus P2,14462,29.68750
2025-03-06 10:39:08 UTC,1598577,Proteus P2,14472,29.68750
2025-03-06 10:39:23 UTC,1598577,Proteus P2,14482,29.75000
2025-03-06 10:39:37 UTC,1598577,Proteus P2,14492,29.75000
2025-03-06 10:39:50 UTC,1598577,Proteus P2,14501,29.75000
2025-03-06 10:40:04 UTC,1598577,Proteus P2,14511,29.75000
2025-03-06 10:40:19 UTC,1598577,Proteus P2,14521,29.75000
2025-03-06 10:40:33 UTC,1598577,Proteus P2,14531,29.75000
2025-03-06 10:40:48 UTC,1598577,Proteus P2,14541,29.81250
2025-03-06 10:41:02 UTC,1598577,Proteus P2,14551,29.81250
2025-03-06 10:41:16 UTC,1598577,Proteus P2,14561,29.81250
2025-03-06 10:41:31 UTC,1598577,Proteus P2,14571,29.81250
2025-03-06 10:41:46 UTC,1598577,Proteus P2,14580,29.81250
2025-03-06 10:42:00 UTC,1598577,Proteus P2,14590,29.81250
2025-03-06 10:42:15 UTC,1598577,Proteus P2,14600,29.87500
2025-03-06 10:42:29 UTC,1598577,Proteus P2,14608,29.81250
2025-03-06 10:42:43 UTC,1598577,Proteus P2,14618,29.81250
2025-03-06 10:42:57 UTC,1598577,Proteus P2,14626,29.87500
2025-03-06 10:43:11 UTC,1598577,Proteus P2,14636,29.87500
2025-03-06 10:43:26 UTC,1598577,Proteus P2,14646,29.81250
2025-03-06 10:43:40 UTC,1598577,Proteus P2,14656,29.87500
2025-03-06 10:43:55 UTC,1598577,Proteus P2,14666,29.87500
2025-03-06 10:44:09 UTC,1598577,Proteus P2,14676,29.87500
2025-03-06 10:44:23 UTC,1598577,Proteus P2,14686,29.87500
2025-03-06 10:44:38 UTC,1598577,Proteus P2,14696,29.87500
2025-03-06 10:44:52 UTC,1598577,Proteus P2,14706,29.87500
2025-03-06 10:45:06 UTC,1598577,Proteus P2,14716,29.81250
2025-03-06 10:45:21 UTC,1598577,Proteus P2,14726,29.75000
2025-03-06 10:45:35 UTC,1598577,Proteus P2,14736,29.75000
2025-03-06 10:45:49 UTC,1598577,Proteus P2,14746,29.75000
2025-03-06 10:46:04 UTC,1598577,Proteus P2,14756,29.75000
2025-03-06 10:46:18 UTC,1598577,Proteus P2,14766,29.68750
2025-03-06 10:46:32 UTC,1598577,Proteus P2,14776,29.68750
2025-03-06 10:46:47 UTC,1598577,Proteus P2,14786,29.62500
2025-03-06 10:47:01 UTC,1598577,Proteus P2,14796,29.62500
2025-03-06 10:47:15 UTC,1598577,Proteus P2,14806,29.62500
2025-03-06 10:47:30 UTC,1598577,Proteus P2,14816,29.56250
2025-03-06 10:47:44 UTC,1598577,Proteus P2,14826,29.56250
2025-03-06 10:47:58 UTC,1598577,Proteus P2,14836,29.56250
2025-03-06 10:48:12 UTC,1598577,Proteus P2,14845,29.56250
2025-03-06 10:48:26 UTC,1598577,Proteus P2,14855,29.56250
2025-03-06 10:48:41 UTC,1598577,Proteus P2,14865,29.56250
2025-03-06 10:48:56 UTC,1598577,Proteus P2,14875,29.56250
2025-03-06 10:49:10 UTC,1598577,Proteus P2,14885,29.56250
2025-03-06 10:49:23 UTC,1598577,Proteus P2,14894,29.50000
2025-03-06 10:49:38 UTC,1598577,Proteus P2,14904,29.56250
2025-03-06 10:49:52 UTC,1598577,Proteus P2,14914,29.56250
2025-03-06 10:50:07 UTC,1598577,Proteus P2,14924,29.56250
2025-03-06 10:50:21 UTC,1598577,Proteus P2,14934,29.56250
2025-03-06 10:50:35 UTC,1598577,Proteus P2,14944,29.56250
2025-03-06 10:50:50 UTC,1598577,Proteus P2,14954,29.50000
2025-03-06 10:51:05 UTC,1598577,Proteus P2,14964,29.56250
2025-03-06 10:51:19 UTC,1598577,Proteus P2,14974,29.50000
2025-03-06 10:51:33 UTC,1598577,Proteus P2,14984,29.50000
2025-03-06 10:51:48 UTC,1598577,Proteus P2,14994,29.50000
2025-03-06 10:52:02 UTC,1598577,Proteus P2,15004,29.50000
2025-03-06 10:52:16 UTC,1598577,Proteus P2,15014,29.56250
2025-03-06 10:52:31 UTC,1598577,Proteus P2,15024,29.56250
2025-03-06 10:52:45 UTC,1598577,Proteus P2,15034,29.50000
2025-03-06 10:52:58 UTC,1598577,Proteus P2,15043,29.50000
2025-03-06 10:53:13 UTC,1598577,Proteus P2,15053,29.50000
2025-03-06 10:53:27 UTC,1598577,Proteus P2,15063,29.56250
2025-03-06 10:53:41 UTC,1598577,Proteus P2,15073,29.50000
2025-03-06 10:53:56 UTC,1598577,Proteus P2,15083,29.50000
2025-03-06 10:54:10 UTC,1598577,Proteus P2,15093,29.43750
2025-03-06 10:54:24 UTC,1598577,Proteus P2,15103,29.43750
2025-03-06 10:54:39 UTC,1598577,Proteus P2,15113,29.50000
2025-03-06 10:54:53 UTC,1598577,Proteus P2,15123,29.43750
2025-03-06 10:55:08 UTC,1598577,Proteus P2,15133,29.37500
2025-03-06 10:55:23 UTC,1598577,Proteus P2,15142,29.37500
2025-03-06 10:55:37 UTC,1598577,Proteus P2,15152,29.31250
2025-03-06 10:55:50 UTC,1598577,Proteus P2,15161,29.37500
2025-03-06 10:56:05 UTC,1598577,Proteus P2,15171,29.37500
2025-03-06 10:56:19 UTC,1598577,Proteus P2,15181,29.37500
2025-03-06 10:56:33 UTC,1598577,Proteus P2,15191,29.37500
2025-03-06 10:56:48 UTC,1598577,Proteus P2,15201,29.37500
2025-03-06 10:57:02 UTC,1598577,Proteus P2,15211,29.37500
2025-03-06 10:57:16 UTC,1598577,Proteus P2,15221,29.37500
2025-03-06 10:57:31 UTC,1598577,Proteus P2,15231,29.31250
2025-03-06 10:57:45 UTC,1598577,Proteus P2,15241,29.31250
2025-03-06 10:58:00 UTC,1598577,Proteus P2,15251,29.37500
2025-03-06 10:58:14 UTC,1598577,Proteus P2,15261,29.37500
2025-03-06 10:58:29 UTC,1598577,Proteus P2,15271,29.37500
2025-03-06 10:58:43 UTC,1598577,Proteus P2,15281,29.31250
2025-03-06 10:58:57 UTC,1598577,Proteus P2,15291,29.31250
2025-03-06 10:59:12 UTC,1598577,Proteus P2,15301,29.31250
2025-03-06 10:59:26 UTC,1598577,Proteus P2,15311,29.37500
2025-03-06 10:59:41 UTC,1598577,Proteus P2,15321,29.37500
2025-03-06 10:59:55 UTC,1598577,Proteus P2,15331,29.37500
2025-03-06 11:00:10 UTC,1598577,Proteus P2,15341,29.37500
2025-03-06 11:00:24 UTC,1598577,Proteus P2,15351,29.37500
2025-03-06 11:00:38 UTC,1598577,Proteus P2,15361,29.43750
2025-03-06 11:00:53 UTC,1598577,Proteus P2,15371,29.43750
2025-03-06 13:58:40 UTC,1598577,Proteus P2,22761,28.12500
2025-03-06 13:58:56 UTC,1598577,Proteus P2,22771,28.12500
2025-03-06 13:59:10 UTC,1598577,Proteus P2,22781,28.18750
2025-03-06 13:59:23 UTC,1598577,Proteus P2,22790,28.31250
2025-03-06 13:59:39 UTC,1598577,Proteus P2,22801,28.25000
2025-03-06 13:59:53 UTC,1598577,Proteus P2,22809,28.25000
2025-03-06 14:00:07 UTC,1598577,Proteus P2,22819,28.25000
2025-03-06 14:00:22 UTC,1598577,Proteus P2,22829,28.18750
2025-03-06 14:00:36 UTC,1598577,Proteus P2,22839,28.12500
2025-03-06 14:00:50 UTC,1598577,Proteus P2,22849,28.12500
2025-03-06 14:01:04 UTC,1598577,Proteus P2,22859,28.12500
2025-03-06 14:01:17 UTC,1598577,Proteus P2,22868,28.18750
2025-03-06 14:01:32 UTC,1598577,Proteus P2,22878,28.18750
2025-03-06 14:01:46 UTC,1598577,Proteus P2,22888,28.18750
2025-03-06 14:02:00 UTC,1598577,Proteus P2,22898,28.12500
2025-03-06 14:02:15 UTC,1598577,Proteus P2,22908,28.06250
2025-03-06 14:02:29 UTC,1598577,Proteus P2,22918,28.06250
2025-03-06 14:02:44 UTC,1598577,Proteus P2,22928,28.06250
2025-03-06 14:02:58 UTC,1598577,Proteus P2,22938,28.00000
2025-03-06 14:03:13 UTC,1598577,Proteus P2,22948,28.00000
2025-03-06 14:03:27 UTC,1598577,Proteus P2,22958,28.00000
2025-03-06 14:03:41 UTC,1598577,Proteus P2,22968,28.00000
2025-03-06 14:03:56 UTC,1598577,Proteus P2,22978,28.00000
2025-03-06 14:04:10 UTC,1598577,Proteus P2,22988,28.00000
2025-03-06 14:04:23 UTC,1598577,Proteus P2,22997,28.06250
2025-03-06 14:04:38 UTC,1598577,Proteus P2,23007,28.12500
2025-03-06 14:04:52 UTC,1598577,Proteus P2,23017,28.12500
2025-03-06 14:05:06 UTC,1598577,Proteus P2,23027,28.06250
2025-03-06 14:05:21 UTC,1598577,Proteus P2,23037,28.06250
2025-03-06 14:05:36 UTC,1598577,Proteus P2,23047,28.00000
2025-03-06 14:05:49 UTC,1598577,Proteus P2,23056,28.00000
2025-03-06 14:06:03 UTC,1598577,Proteus P2,23066,27.93750
2025-03-06 14:06:18 UTC,1598577,Proteus P2,23076,27.87500
2025-03-06 14:06:32 UTC,1598577,Proteus P2,23086,27.87500
2025-03-06 14:06:47 UTC,1598577,Proteus P2,23096,27.81250
2025-03-06 14:07:01 UTC,1598577,Proteus P2,23106,27.87500
2025-03-06 14:07:15 UTC,1598577,Proteus P2,23116,27.87500
2025-03-06 14:07:30 UTC,1598577,Proteus P2,23126,28.00000
2025-03-06 14:07:44 UTC,1598577,Proteus P2,23136,28.00000
2025-03-06 14:07:59 UTC,1598577,Proteus P2,23146,27.93750
2025-03-06 14:08:12 UTC,1598577,Proteus P2,23155,27.93750
2025-03-06 14:08:26 UTC,1598577,Proteus P2,23165,27.87500
2025-03-06 14:08:40 UTC,1598577,Proteus P2,23175,27.87500
2025-03-06 14:08:55 UTC,1598577,Proteus P2,23185,27.87500
2025-03-06 14:09:09 UTC,1598577,Proteus P2,23195,27.93750
2025-03-06 14:09:23 UTC,1598577,Proteus P2,23205,27.93750
2025-03-06 14:09:38 UTC,1598577,Proteus P2,23215,27.87500
2025-03-06 14:09:52 UTC,1598577,Proteus P2,23225,28.00000
2025-03-06 14:10:06 UTC,1598577,Proteus P2,23235,28.00000
2025-03-06 14:10:20 UTC,1598577,Proteus P2,23244,27.93750
2025-03-06 14:10:35 UTC,1598577,Proteus P2,23254,28.00000
2025-03-06 14:10:49 UTC,1598577,Proteus P2,23264,27.87500
2025-03-06 14:11:05 UTC,1598577,Proteus P2,23275,27.87500
2025-03-06 14:11:18 UTC,1598577,Proteus P2,23284,27.87500
2025-03-06 14:11:32 UTC,1598577,Proteus P2,23294,27.87500
2025-03-06 14:11:46 UTC,1598577,Proteus P2,23304,27.87500
2025-03-06 14:12:01 UTC,1598577,Proteus P2,23314,27.87500
2025-03-06 14:12:15 UTC,1598577,Proteus P2,23324,27.87500
2025-03-06 14:12:30 UTC,1598577,Proteus P2,23334,27.93750
2025-03-06 14:12:44 UTC,1598577,Proteus P2,23344,28.00000
2025-03-06 14:12:59 UTC,1598577,Proteus P2,23354,28.06250
2025-03-06 14:13:13 UTC,1598577,Proteus P2,23364,28.12500
2025-03-06 14:13:27 UTC,1598577,Proteus P2,23374,28.06250
2025-03-06 14:13:41 UTC,1598577,Proteus P2,23384,28.00000
2025-03-06 14:13:56 UTC,1598577,Proteus P2,23394,28.00000
2025-03-06 14:14:10 UTC,1598577,Proteus P2,23404,28.00000
2025-03-06 14:14:24 UTC,1598577,Proteus P2,23414,28.00000
2025-03-06 14:14:39 UTC,1598577,Proteus P2,23424,28.06250
2025-03-06 14:14:53 UTC,1598577,Proteus P2,23434,28.00000
2025-03-06 14:15:08 UTC,1598577,Proteus P2,23444,28.00000
2025-03-06 14:15:22 UTC,1598577,Proteus P2,23454,28.00000
2025-03-06 14:15:35 UTC,1598577,Proteus P2,23463,28.00000
2025-03-06 14:15:49 UTC,1598577,Proteus P2,23473,28.00000
2025-03-06 14:16:04 UTC,1598577,Proteus P2,23483,28.00000
2025-03-06 14:31:36 UTC,1598577,Proteus P2,24090,23.12500
2025-03-06 14:31:49 UTC,1598577,Proteus P2,24099,23.06250
2025-03-06 14:32:03 UTC,1598577,Proteus P2,24109,23.06250
2025-03-06 14:32:16 UTC,1598577,Proteus P2,24118,23.00000
2025-03-06 14:32:29 UTC,1598577,Proteus P2,24127,23.00000
2025-03-06 14:32:42 UTC,1598577,Proteus P2,24136,23.00000
2025-03-06 14:32:56 UTC,1598577,Proteus P2,24146,22.93750
2025-03-06 14:33:09 UTC,1598577,Proteus P2,24155,22.93750
2025-03-06 14:33:22 UTC,1598577,Proteus P2,24164,22.93750
2025-03-06 14:33:36 UTC,1598577,Proteus P2,24174,22.93750
2025-03-06 14:33:49 UTC,1598577,Proteus P2,24183,22.87500
2025-03-06 14:34:02 UTC,1598577,Proteus P2,24192,22.87500
2025-03-06 14:34:15 UTC,1598577,Proteus P2,24201,22.87500
2025-03-06 14:34:29 UTC,1598577,Proteus P2,24211,22.81250
2025-03-06 14:34:42 UTC,1598577,Proteus P2,24220,22.81250
2025-03-06 14:34:55 UTC,1598577,Proteus P2,24229,22.81250
2025-03-06 14:35:09 UTC,1598577,Proteus P2,24239,22.75000
2025-03-06 14:35:22 UTC,1598577,Proteus P2,24248,22.75000
2025-03-06 14:35:35 UTC,1598577,Proteus P2,24257,22.75000
2025-03-06 14:35:49 UTC,1598577,Proteus P2,24267,22.75000
2025-03-06 14:36:02 UTC,1598577,Proteus P2,24276,22.75000
2025-03-06 14:36:15 UTC,1598577,Proteus P2,24285,22.68750
2025-03-06 14:36:28 UTC,1598577,Proteus P2,24294,22.68750
2025-03-06 14:36:41 UTC,1598577,Proteus P2,24303,22.68750
2025-03-06 14:36:55 UTC,1598577,Proteus P2,24313,22.68750
2025-03-06 14:37:08 UTC,1598577,Proteus P2,24322,22.68750
